{"loss": [3.38132643699646], "accuracy": [0.12691326439380646], "val_loss": [3.2928380966186523], "val_accuracy": [0.1315104216337204]}